"","V1","V2","V3","V4","V5","V6","V7"
"1","service","console","permission","description","file","url","storage"
"2","debug","intp","code","resolver","entry","handler","bundle"
"3","reference","command","event","bundle","content","location","hook"
"4","listener","print","bundle","export","signed","path","loader"
"5","filter","msg","action","version","stream","plugin","data"
"6","object","help","permissions","generic","read","file","file"
"7","tracker","level","link","exports","signer","string","adaptor"
"8","registration","println","mask","requires","ioexception","manifest","manager"
"9","services","admin","li","constraint","trust","nls","hooks"
"10","code","bundle","actions","state","certificate","log","base"
"11","context","bundles","condition","supplier","input","adaptor","classpath"
"12","value2","start","conditional","bundles","digest","eclipse","debug"
"13","tracked","interpreter","cond","imports","output","args","state"
"14","key","message","admin","specification","managed","property","entry"
"15","nls","startlevel","pos","resolved","reliable","prop","lock"
"16","option","token","collection","packages","zip","entry","loading"
"17","options","description","encoded","suppliers","log","properties","stats"
"18","references","nls","p","result","time","non","bundledata"
"19","operation","sl","privileged","range","files","splash","framework"
"20","element","arg","security","host","engine","install","event"
