"","V1","V2","V3","V4","V5","V6","V7","V8","V9","V10","V11","V12","V13","V14","V15","V16","V17","V18","V19","V20","V21","V22","V23","V24","V25","V26","V27","V28","V29","V30","V31","V32","V33","V34","V35","V36","V37","V38","V39","V40","V41","V42","V43","V44","V45","V46","V47","V48","V49","V50","V51","V52","V53","V54","V55","V56","V57","V58","V59","V60","V61","V62","V63","V64","V65","V66","V67","V68","V69","V70","V71","V72","V73","V74","V75","V76","V77","V78","V79","V80","V81","V82","V83","V84","V85"
"1","viewer","event","task","attribute","element","ui","repository","ui","trac","preference","page","string","container","header","line","perspective","composite","value","core","repository","provider","bugzilla","grid","manager","task","group","monitor","selection","url","bounds","editor","marker","preview","column","date","string","priority","repository","put","image","job","color","viewer","page","context","layout","editor","task","file","context","string","working","comment","attachment","selection","dialog","action","host","monitor","action","listener","proposal","collector","task","query","repository","task","flag","date","num","node","trac","status","attribute","non","ui","extension","sort","hyperlink","hyperlink","result","search","stream","search","element"
"2","parent","interaction","ui","element","bridge","eclipse","bugzilla","tasks","ticket","ui","column","messages","task","method","offset","string","swt","attribute","file","repositories","viewer","string","swt","active","tasks","bundle","progress","action","string","gc","part","viewer","browser","table","calendar","description","task","proxy","character","descriptor","monitor","highlighter","filter","wizard","bridge","composite","attribute","data","usage","element","handle","set","text","file","layout","window","selection","proxy","resources","menu","listeners","stack","map","repository","container","task","list","attachment","task","id","editor","repository","error","attachment","nls","window","element","notification","text","resource","page","layout","file","degree","iresource"
"3","content","events","tasks","data","core","org","language","mylyn","monitor","store","table","bundle","element","http","transfer","id","control","task","externalization","core","element","nls","layout","listener","itask","name","attempts","iselection","prefix","shell","task","td","source","order","week","template","level","password","tag","images","status","preference","tree","settings","content","image","toolkit","attribute","monitor","handle","kind","change","group","clipboard","label","shell","image","socket","project","selection","window","trace","user","connector","repository","connector","category","state","time","user","outline","client","message","task","1","search","extensions","comparator","task","type","wiki","grid","ioexception","separation","object"
"4","provider","kind","action","attributes","handle","handler","configuration","eclipse","exception","plugin","swt","nls","itask","message","url","descriptor","layout","mapper","manager","tasks","viewers","product","text","change","element","feature","keywords","element","key","width","page","total","html","group","time","mapping","tool","credentials","value","create","core","highlighters","view","repository","core","color","composite","mapper","files","node","xml","sets","sb","name","table","ui","cursor","port","ui","set","activity","java","summary","tasks","task","query","tasks","status","scheduled","selections","model","core","sb","person","string","iworkbench","plugin","direction","viewer","event","filter","swt","output","common","resource"
"5","object","delta","eclipse","handler","object","event","platform","org","client","directory","wizard","reload","delete","src","drag","size","text","meta","monitor","task","object","1","data","provider","selected","factory","iprogress","jface","deprecated","swt","ui","plan","rendering","compare","end","report","tip","auth","entities","nls","tasks","gradient","part","task","iinteraction","swt","control","root","plugin","iinteraction","date","iworking","m","contents","button","open","scaled","commons","plugin","actions","remove","assist","report","data","handle","pattern","container","method","format","view","path","url","test","type","token","part","point","priority","style","drop","name","text","input","navigator","resources"
"6","text","activity","mylyn","name","java","part","query","target","request","constants","selection","name","tasks","cookie","length","attachment","event","set","participant","handler","label","non","button","refresh","activation","product","code","org","name","x","input","writer","engine","result","day","commit","string","authentication","nls","non","runtime","store","refresh","string","type","section","form","operation","path","interest","structure","task","append","selection","swt","wizard","point","factory","pref","manager","manager","completion","usage","url","key","tasks","add","operation","picker","integer","pde","wiki","string","source","tag","workbench","status","index","hyperlinks","file","trac","data","zip","elements","elements"
"7","jface","monitor","org","state","context","execution","core","internal","method","set","name","mapping","children","idx","region","contribution","set","child","save","eclipse","jface","version","set","ui","completed","org","num","selected","non","y","editors","sorter","wiki","viewer","start","keyword","planning","string","non","gif","exception","blue","viewers","wizards","structure","toolkit","layout","core","zip","interaction","id","list","1","filter","composite","workbench","set","timeout","team","item","add","computer","interaction","itask","url","string","internal","id","due","users","plugin","search","append","values","tokenizer","active","nls","3","ihyperlink","text","object","group","io","scope","core"
"8","eclipse","origin","itask","string","ijava","commands","monitor","core","http","context","uid","dialog","parent","entry","path","editor","dialog","data","exception","org","ui","option","composite","view","id","eclipse","operation","viewers","nls","size","form","category","frame","sorter","range","build","summary","property","s","1","iprogress","red","structured","select","identifier","label","section","changed","browser","core","non","team","comments","nls","set","platform","grab","net","resource","drop","seconds","proposals","date","kind","queries","ui","open","alpha","set","usage","text","connector","istatus","date","2","view","non","0","region","name","search","query","read","provider","delta"
"9","input","source","internal","task","jdt","view","os","invocation","version","bundle","upload","initialize","object","context","junit","3","grid","type","context","mylyn","eclipse","component","label","add","category","ibundle","canceled","eclipse","map","point","tasks","write","annotation","cc","activity","ids","common","http","tags","overlay","istatus","ui","selection","validate","handler","data","swt","repository","directory","active","element","manager","non","model","combo","iworkbench","current","connection","preference","down","monitor","position","list","manager","set","kind","categories","shell","key","contribution","filename","plugin","log","attachments","type","page","core","list","jface","dnd","info","set","exception","pattern","project"
"10","key","attention","messages","constants","structure","editor","url","plugin","location","start","input","band","irepository","msg","tab","page","listener","text","iprogress","author","listener","attribute","horizontal","set","selection","adapter","check","structured","1","height","ieditor","activity","0","remove","cal","team","repository","set","1","common","eclipse","green","presentation","title","handle","mouse","hint","key","status","landmark","nls","edit","nls","content","toolkit","jface","canvas","client","monitoring","tool","workbench","content","hash","state","delta","matcher","view","equals","itask","event","object","itrac","plugin","string","value","eclipse","iextension","notifications","presenter","prefix","detector","composite","close","result","iadaptable"
"11","org","history","view","value","type","core","login","list","rpc","enabled","user","load","item","str","configuration","format","selection","string","path","label","content","equals","gd","context","eclipse","mylyn","submission","changed","code","display","mylyn","imarker","location","index","scheduled","process","changes","encoding","buffer","tool","org","display","list","messages","relation","title","text","attributes","log","list","1","active","diff","source","data","active","y","httpclient","commit","id","user","address","event","synchronization","itask","url","browser","itext","estimated","edits","offset","location","id","descriptor","0","org","1","result","presentation","ihyperlink","query","page","e","match","children"
"12","source","manager","list","itask","iinteraction","site","settings","view","web","instance","job","osgi","child","soap","source","iperspective","data","null","status","xml","org","configuration","container","update","org","tasks","count","ui","hash","area","org","time","h","description","hour","summary","clear","type","latin","registry","submit","rgb","filters","data","plugin","background","editors","cc","ant","meta","core","remove","size","input","create","history","original","protocol","background","jface","list","icontent","id","core","category","mylyn","containers","listener","tasks","map","null","eclipse","exception","property","html","platform","iconfiguration","equals","itext","region","duplicate","label","bytes","listener","parent"
"13","mode","process","context","local","resource","mylyn","bug","messages","xml","startup","company","file","mylyn","pat","document","revision","widgets","create","itasks","non","tree","list","parent","tree","mylyn","groups","number","iview","author","item","eclipse","tree","v","params","set","author","value","url","letter","t","e","hl","filtered","source","manager","colors","model","model","destination","status","externalizer","hash","hyperlink","non","selected","tasks","x","http","study","bars","array","jdt","generator","set","identifier","override","job","lower","value","mylyn","part","status","severity","id","url","id","id","element2","multiple","java","item","field","buffer","label","containers"
"14","check","notify","images","key","resources","exception","ibugzilla","override","iprogress","add","event","message","core","given","test","formatter","button","number","constants","transformer","ilabel","custom","listener","workbench","memento","category","enable","object","web","0","override","compare","g","criteria","active","bugs","kind","user","ch","icon","synchronize","manage","focus","iwizard","string","create","create","set","backup","nodes","document","add","region","compare","section","plugin","screenshot","apache","upload","separator","copy","separator","writer","null","summary","eclipse","local","flags","summary","ratio","name","mylyn","nls","description","next","java","runtime","element1","detector","string","attributes","selection","entry","l","adapter"
"15","swt","scaling","run","parent","org","page","setting","selection","params","hour","true","values","scheduled","param","debug","added","parent","author","old","nls","font","type","widgets","platform","ui","adaptable","runtime","part","date","max","selection","column","viewer","provider","util","variable","notes","username","state","context","run","auto","interest","export","store","common","tasks","tasks","location","identifier","node","enabled","offset","type","grid","org","height","service","string","images","runner","text","string","id","irepository","template","sub","focus","reminder","filtered","line","internal","code","set","length","ieditor","string","date","range","target","string","email","reader","matcher","container"
"16","ui","value","actions","non","interesting","ieditor","session","true","data","manager","jface","width","internal","gzip","direction","0","eclipse","mapped","backup","internal","mylyn","id","name","remove","index","steffen","net","iaction","t","draw","internal","string","event","viewers","backup","override","equals","needs","c","base","handler","sandbox","set","pages","mylyn","grid","widgets","mapped","string","parent","format","workbench","builder","transfer","event","dialogs","color","address","command","copy","selection","s","add","list","tasks","itask","current","handler","elapsed","baseline","xml","exception","builder","comment","substring","reference","istatus","compare","repository","extension","description","settings","java","f","set"
"17","override","context","core","nls","eclipse","iworkbench","error","author","apache","timeout","container","height","o2","axis","next","1","fill","requestee","activity","connectors","decorator","name","widget","link","internal","author","runnable","delegate","malformed","location","factory","hit","stack","label","map","builder","update","old","whitespace","composite","task","cell","items","finish","scaling","client","span","0","separator","plugin","interest","ids","itask","1","ui","display","work","web","questionnaire","text","windows","adapter","key","mylyn","connector","org","string","fade","activity","contains","string","page","n","value","values","jdt","handler","index2","widget","iresource","attachment","combo","write","scale","iproject"
"18","control","equals","activate","start","marker","internal","collector","filter","call","stop","usage","internal","manager","fault","dnd","param","org","read","list","connector","decoration","values","selected","menu","irepository","object","sub","actions","put","color","memento","input","b","priority","days","reporter","priorities","value","sb","buffer","display","map","true","ui","set","fill","row","id","dir","value","navigation","icontext","0","field","container","message","page","manager","change","checked","runnable","add","iusage","irepository","add","legend","constants","increment","null","edit","input","org","contributor","iproperty","index","ijava","error","popup","null","generated","apiversion","fill","out","resources","eclipse"
"19","label","command","copy","uri","ifile","list","null","irunnable","login","synch","set","1","o1","state","null","launching","create","date","runtime","runtime","color","resolution","modify","site","istructured","pingel","cancellation","internal","remove","rectangle","reference","b","s","task2","snap","keywords","link","2","small","graphics","mylyn","value","expand","error","status","parent","data","attr","list","scaling","res","java","person","use","wrap","eclipse","mark","params","template","contribution","safe","fieldassist","events","repositories","unsubmitted","mapping","selected","starts","false","count","helper","string","null","text","name","plugin","read","property","tasks","iregion","items","sel","error","doi","array"
"20","obj","non","active","saxexception","node","selection","exception","run","commons","itasks","id","x","compare","dst","visitor","assignment","events","created","folder","collection","dispose","value","add","mylyn","add","core","2","workbench","param","mouse","null","object","document","task1","next","recognized","total","save","capital","obj","runnable","dispose","action","backup","util","bar","forms","kind","e","nls","relation","ui","string","swt","messages","selected","capture","key","enabled","add","property","fixed","java","local","orphans","util","repository","text","creation","report","editing","task","runtime","content","text","tracker","editor","ignore","progress","instance","content","pattern","interrupted","operation","java"
